timestamp,trial_id,inspection_point_id,state,grip_event,tcp_x,tcp_y,tcp_z,tcp_rx,tcp_ry,tcp_rz,base_fx,base_fy,base_fz,base_tx,base_ty,base_tz,base_dfx,base_dfy,base_dfz,base_dtx,base_dty,base_dtz,tool_fx,tool_fy,tool_fz,tool_tx,tool_ty,tool_tz,tool_dfx,tool_dfy,tool_dfz,tool_dtx,tool_dty,tool_dtz,entry_force_n,entry_depth_mm,pull_force_n,pull_displacement_mm,gripper_width,gripper_state
2026-09-21T09:25:22.799+09:00,TRIAL_01_TEST_P01,TEST_P01,SOFT_GRIP_ENTRY,SOFT_GRIP_COMMAND,673.2617797851562,60.53586959838867,486.67041015625,178.5987091064453,-89.78046417236328,-179.94235229492188,-3.2062,-2.5911,1.0161,0.2213,-0.0054,0.0008,0.1646,0.0214,-0.0057,0.0357,-0.0009,0.0001,-1.0308,-2.6677,-3.1379,0.2213,-0.0054,0.0008,0.0064,0.0254,0.164,0.0357,-0.0009,0.0001,,,,,109.2,moving
2026-09-21T09:25:27.323+09:00,TRIAL_01_TEST_P01,TEST_P01,SOFT_GRIP_ENTRY,ENTRY_MOTION_START_WIDTH_REACHED,673.0964965820312,60.380130767822266,486.8439025878906,178.5896453857422,-89.76660919189453,-179.9506378173828,-2.4183,-2.4131,0.2383,0.3619,-0.0089,0.0015,0.9524,0.1994,-0.7835,0.1764,-0.0044,0.0008,-0.25,-2.4716,-2.3572,0.3619,-0.0089,0.0015,0.7871,0.2215,0.9447,0.1764,-0.0044,0.0008,,,,,19.9,moving
2026-09-21T09:25:27.356+09:00,TRIAL_01_TEST_P01,TEST_P01,SOFT_GRIP_ENTRY,,673.0969848632812,60.380218505859375,486.8413391113281,178.5896453857422,-89.7668228149414,-179.95066833496094,-2.4183,-2.4131,0.2383,0.3619,-0.0089,0.0015,0.9524,0.1994,-0.7835,0.1764,-0.0044,0.0008,0.0459,-2.5064,-2.3557,0.3561,-0.0088,0.0015,1.0831,0.1867,0.9462,0.1706,-0.0042,0.0007,0.9524,-0.1704,,,19.4,moving
2026-09-21T09:25:27.412+09:00,TRIAL_01_TEST_P01,TEST_P01,SOFT_GRIP_ENTRY,,673.0986938476562,60.380531311035156,486.83636474609375,178.5896453857422,-89.7672348022461,-179.9507598876953,-2.4164,-2.4476,-0.0576,0.3561,-0.0088,0.0015,0.9543,0.1649,-1.0795,0.1706,-0.0042,0.0007,0.0459,-2.5064,-2.3557,0.3561,-0.0088,0.0015,1.0831,0.1867,0.9462,0.1706,-0.0042,0.0007,0.9543,-0.1687,,,18.8,moving
2026-09-21T09:25:27.469+09:00,TRIAL_01_TEST_P01,TEST_P01,SOFT_GRIP_ENTRY,,673.1452026367188,60.39085388183594,486.7516784667969,178.5899658203125,-89.77422332763672,-179.9532470703125,-2.6418,-2.4251,0.1348,0.3685,-0.0091,0.0015,0.7289,0.1874,-0.887,0.1829,-0.0045,0.0008,-0.1472,-2.4892,-2.5808,0.3685,-0.0091,0.0015,0.89,0.2039,0.7211,0.1829,-0.0045,0.0008,0.7289,-0.1222,,,18.4,moving
2026-09-21T09:25:27.525+09:00,TRIAL_01_TEST_P01,TEST_P01,SOFT_GRIP_ENTRY,,673.296630859375,60.4331169128418,486.5079345703125,178.59283447265625,-89.79380798339844,-179.96742248535156,-2.6418,-2.4251,0.1348,0.3685,-0.0091,0.0015,0.7289,0.1874,-0.887,0.1829,-0.0045,0.0008,-0.1472,-2.4892,-2.5808,0.3685,-0.0091,0.0015,0.89,0.2039,0.7211,0.1829,-0.0045,0.0008,0.7289,0.0292,,,18.2,moving
2026-09-21T09:25:27.581+09:00,TRIAL_01_TEST_P01,TEST_P01,SOFT_GRIP_ENTRY,,673.5946655273438,60.467132568359375,486.27197265625,178.59645080566406,-89.81458282470703,-179.978759765625,-4.1994,-2.5051,0.58,0.3943,-0.0097,0.0014,-0.8287,0.1074,-0.4418,0.2087,-0.0051,0.0007,-0.595,-2.6071,-4.1348,0.3943,-0.0097,0.0014,0.4422,0.0861,-0.8329,0.2087,-0.0051,0.0007,0.8287,0.3273,,,18.2,moving
2026-09-21T09:25:27.636+09:00,TRIAL_01_TEST_P01,TEST_P01,SOFT_GRIP_ENTRY,,674.0955810546875,60.481929779052734,486.36376953125,178.5973358154297,-89.80829620361328,-179.97315979003906,-4.1994,-2.5051,0.58,0.3943,-0.0097,0.0014,-0.8287,0.1074,-0.4418,0.2087,-0.0051,0.0007,-0.595,-2.6071,-4.1348,0.3943,-0.0097,0.0014,0.4422,0.0861,-0.8329,0.2087,-0.0051,0.0007,0.8287,0.8282,,,18.2,moving
2026-09-21T09:25:27.693+09:00,TRIAL_01_TEST_P01,TEST_P01,SOFT_GRIP_ENTRY,,674.6690063476562,60.49039840698242,486.41217041015625,178.597412109375,-89.80541229248047,-179.96359252929688,-4.8069,-2.3853,0.6575,0.3242,-0.0079,0.0011,-1.4362,0.2272,-0.3643,0.1387,-0.0034,0.0004,-0.6747,-2.5019,-4.7449,0.3242,-0.0079,0.0011,0.3625,0.1912,-1.443,0.1387,-0.0034,0.0004,1.4362,1.4016,,,18.2,moving
2026-09-21T09:25:27.751+09:00,TRIAL_01_TEST_P01,TEST_P01,SOFT_GRIP_ENTRY,,675.2591552734375,60.50386047363281,486.4684753417969,178.59832763671875,-89.80181884765625,-179.96104431152344,-4.8069,-2.3853,0.6575,0.3242,-0.0079,0.0011,-1.4362,0.2272,-0.3643,0.1387,-0.0034,0.0004,-0.6747,-2.5019,-4.7449,0.3242,-0.0079,0.0011,0.3625,0.1912,-1.443,0.1387,-0.0034,0.0004,1.4362,1.9918,,,18.2,moving
2026-09-21T09:25:27.808+09:00,TRIAL_01_TEST_P01,TEST_P01,SOFT_GRIP_ENTRY,,675.8524780273438,60.5224494934082,486.55145263671875,178.60008239746094,-89.79532623291016,-179.95602416992188,-4.7934,-2.3224,0.8143,0.3181,-0.0078,0.0011,-1.4226,0.2901,-0.2075,0.1325,-0.0032,0.0004,-0.8325,-2.4383,-4.7323,0.3181,-0.0078,0.0011,0.2046,0.2548,-1.4304,0.1325,-0.0032,0.0004,1.4226,2.5851,,,18.2,moving
2026-09-21T09:25:27.865+09:00,TRIAL_01_TEST_P01,TEST_P01,SOFT_GRIP_ENTRY,,676.4552001953125,60.50218200683594,486.56671142578125,178.59815979003906,-89.79436492919922,-179.95486450195312,-4.4394,-2.2527,0.737,0.3279,-0.008,0.0012,-1.0687,0.3598,-0.2848,0.1423,-0.0035,0.0005,-0.7547,-2.36,-4.3803,0.3279,-0.008,0.0012,0.2825,0.3331,-1.0784,0.1423,-0.0035,0.0005,1.0687,3.1878,,,18.2,moving
2026-09-21T09:25:27.920+09:00,TRIAL_01_TEST_P01,TEST_P01,SOFT_GRIP_ENTRY,,677.0218505859375,60.45911407470703,486.56732177734375,178.59454345703125,-89.79468536376953,-179.95947265625,-4.4394,-2.2527,0.737,0.3279,-0.008,0.0012,-1.0687,0.3598,-0.2848,0.1423,-0.0035,0.0005,-0.7547,-2.36,-4.3803,0.3279,-0.008,0.0012,0.2825,0.3331,-1.0784,0.1423,-0.0035,0.0005,1.0687,3.7545,,,18.2,moving
2026-09-21T09:25:27.977+09:00,TRIAL_01_TEST_P01,TEST_P01,SOFT_GRIP_ENTRY,,677.595458984375,60.45021057128906,486.6503601074219,178.5940399169922,-89.78780364990234,-179.9562530517578,-4.7303,-2.182,0.8966,0.336,-0.0082,0.0012,-1.3596,0.4305,-0.1252,0.1504,-0.0037,0.0005,-0.9153,-2.2967,-4.6721,0.336,-0.0082,0.0012,0.1219,0.3964,-1.3702,0.1504,-0.0037,0.0005,1.3596,4.3281,,,18.2,moving
2026-09-21T09:25:28.033+09:00,TRIAL_01_TEST_P01,TEST_P01,SOFT_GRIP_ENTRY,,678.1771850585938,60.46802520751953,486.6556091308594,178.59507751464844,-89.7874755859375,-179.95501708984375,-4.7303,-2.182,0.8966,0.336,-0.0082,0.0012,-1.3596,0.4305,-0.1252,0.1504,-0.0037,0.0005,-0.9153,-2.2967,-4.6721,0.336,-0.0082,0.0012,0.1219,0.3964,-1.3702,0.1504,-0.0037,0.0005,1.3596,4.9098,,,18.2,moving
2026-09-21T09:25:28.090+09:00,TRIAL_01_TEST_P01,TEST_P01,SOFT_GRIP_ENTRY,,678.7376098632812,60.4671630859375,486.7329406738281,178.5947723388672,-89.78107452392578,-179.95567321777344,-4.9688,-2.1544,0.7699,0.3336,-0.0082,0.0012,-1.598,0.4581,-0.252,0.148,-0.0036,0.0005,-0.7902,-2.275,-4.9115,0.3336,-0.0082,0.0012,0.247,0.4181,-1.6096,0.148,-0.0036,0.0005,1.598,5.4702,,,18.2,moving
2026-09-21T09:25:28.145+09:00,TRIAL_01_TEST_P01,TEST_P01,SOFT_GRIP_ENTRY,,679.2918090820312,60.43524932861328,486.80108642578125,178.59222412109375,-89.77520751953125,-179.94964599609375,-4.9688,-2.1544,0.7699,0.3336,-0.0082,0.0012,-1.598,0.4581,-0.252,0.148,-0.0036,0.0005,-0.7902,-2.275,-4.9115,0.3336,-0.0082,0.0012,0.247,0.4181,-1.6096,0.148,-0.0036,0.0005,1.598,6.0244,,,18.2,moving
2026-09-21T09:25:28.203+09:00,TRIAL_01_TEST_P01,TEST_P01,SOFT_GRIP_ENTRY,,679.880126953125,60.41704559326172,486.87579345703125,178.59030151367188,-89.76895904541016,-179.9482421875,-4.9301,-2.0158,0.8939,0.3418,-0.0084,0.0013,-1.5593,0.5967,-0.1279,0.1562,-0.0039,0.0006,-0.915,-2.1356,-4.8755,0.3418,-0.0084,0.0013,0.1222,0.5575,-1.5736,0.1562,-0.0039,0.0006,1.5593,6.6127,,,18.2,moving
2026-09-21T09:25:28.258+09:00,TRIAL_01_TEST_P01,TEST_P01,SOFT_GRIP_ENTRY,,680.4266967773438,60.42631530761719,486.9525451660156,178.59117126464844,-89.76261138916016,-179.9491729736328,-5.2334,-2.0318,0.784,0.35,-0.0086,0.0014,-1.8627,0.5807,-0.2378,0.1644,-0.0041,0.0007,-0.8074,-2.1591,-5.1786,0.35,-0.0086,0.0014,0.2298,0.534,-1.8767,0.1644,-0.0041,0.0007,1.8627,7.1593,,,18.2,moving
2026-09-21T09:25:28.315+09:00,TRIAL_01_TEST_P01,TEST_P01,SOFT_GRIP_ENTRY,,680.968994140625,60.45654296875,486.8302307128906,178.59423828125,-89.7724609375,-179.94923400878906,-5.2334,-2.0318,0.784,0.35,-0.0086,0.0014,-1.8627,0.5807,-0.2378,0.1644,-0.0041,0.0007,-0.8074,-2.1591,-5.1786,0.35,-0.0086,0.0014,0.2298,0.534,-1.8767,0.1644,-0.0041,0.0007,1.8627,7.7016,,,18.2,moving
2026-09-21T09:25:28.370+09:00,TRIAL_01_TEST_P01,TEST_P01,SOFT_GRIP_ENTRY,,681.5315551757812,60.47701644897461,486.8031921386719,178.5957794189453,-89.77496337890625,-179.95040893554688,-5.4221,-2.0832,0.8546,0.3623,-0.0089,0.0014,-2.0514,0.5293,-0.1672,0.1767,-0.0044,0.0007,-0.8777,-2.2147,-5.3661,0.3623,-0.0089,0.0014,0.1595,0.4785,-2.0642,0.1767,-0.0044,0.0007,2.0514,8.2642,,,18.2,moving
2026-09-21T09:25:28.427+09:00,TRIAL_01_TEST_P01,TEST_P01,SOFT_GRIP_ENTRY,,682.1155395507812,60.470741271972656,486.8418273925781,178.5953369140625,-89.77192687988281,-179.953369140625,-5.4221,-2.0832,0.8546,0.3623,-0.0089,0.0014,-2.0514,0.5293,-0.1672,0.1767,-0.0044,0.0007,-0.8777,-2.2147,-5.3661,0.3623,-0.0089,0.0014,0.1595,0.4785,-2.0642,0.1767,-0.0044,0.0007,2.0514,8.8481,,,18.2,moving
2026-09-21T09:25:28.483+09:00,TRIAL_01_TEST_P01,TEST_P01,SOFT_GRIP_ENTRY,,682.6777954101562,60.44002151489258,486.9129333496094,178.59298706054688,-89.76593017578125,-179.95018005371094,-5.5798,-2.0127,1.0186,0.3718,-0.0091,0.0015,-2.2091,0.5998,-0.0032,0.1863,-0.0046,0.0008,-1.0424,-2.1481,-5.5246,0.3718,-0.0091,0.0015,-0.0053,0.545,-2.2228,0.1863,-0.0046,0.0008,2.2091,9.4104,,,18.2,moving
2026-09-21T09:25:28.539+09:00,TRIAL_01_TEST_P01,TEST_P01,SOFT_GRIP_ENTRY,,683.247802734375,60.43095397949219,486.89593505859375,178.5921630859375,-89.76744842529297,-179.94935607910156,-5.5798,-2.0127,1.0186,0.3718,-0.0091,0.0015,-2.2091,0.5998,-0.0032,0.1863,-0.0046,0.0008,-1.0424,-2.1481,-5.5246,0.3718,-0.0091,0.0015,-0.0053,0.545,-2.2228,0.1863,-0.0046,0.0008,2.2091,9.9804,,,18.2,moving
2026-09-21T09:25:28.595+09:00,TRIAL_01_TEST_P01,TEST_P01,SOFT_GRIP_ENTRY,,683.8133544921875,60.44761657714844,486.81451416015625,178.5933837890625,-89.7741470336914,-179.9553985595703,-6.0775,-2.0998,0.9656,0.3715,-0.0091,0.0015,-2.7068,0.5127,-0.0562,0.1859,-0.0046,0.0008,-0.992,-2.2476,-6.0201,0.3715,-0.0091,0.0015,0.0452,0.4455,-2.7183,0.1859,-0.0046,0.0008,2.7068,10.546,,,18.2,moving
2026-09-21T09:25:28.650+09:00,TRIAL_01_TEST_P01,TEST_P01,SOFT_GRIP_ENTRY,,684.3728637695312,60.4654655456543,486.8462219238281,178.59483337402344,-89.77137756347656,-179.95274353027344,-6.0775,-2.0998,0.9656,0.3715,-0.0091,0.0015,-2.7068,0.5127,-0.0562,0.1859,-0.0046,0.0008,-0.992,-2.2476,-6.0201,0.3715,-0.0091,0.0015,0.0452,0.4455,-2.7183,0.1859,-0.0046,0.0008,2.7068,11.1055,,,18.2,moving
2026-09-21T09:25:28.706+09:00,TRIAL_01_TEST_P01,TEST_P01,SOFT_GRIP_ENTRY,,684.9432983398438,60.45405197143555,486.9007568359375,178.59352111816406,-89.76692199707031,-179.94749450683594,-6.0807,-2.0945,1.0416,0.3748,-0.0092,0.0015,-2.71,0.518,0.0198,0.1892,-0.0047,0.0008,-1.0677,-2.2421,-6.0233,0.3748,-0.0092,0.0015,-0.0305,0.451,-2.7214,0.1892,-0.0047,0.0008,2.71,11.6759,,,18.2,moving
2026-09-21T09:25:28.761+09:00,TRIAL_01_TEST_P01,TEST_P01,SOFT_GRIP_ENTRY,,685.4906005859375,60.414031982421875,486.7969970703125,178.59010314941406,-89.77528381347656,-179.9525909423828,-6.4896,-2.0569,1.249,0.3791,-0.0093,0.0015,-3.1189,0.5556,0.2272,0.1936,-0.0048,0.0008,-1.2762,-2.2149,-6.4321,0.3791,-0.0093,0.0015,-0.239,0.4782,-3.1302,0.1936,-0.0048,0.0008,3.1189,12.2232,,,18.2,moving
2026-09-21T09:25:28.817+09:00,TRIAL_01_TEST_P01,TEST_P01,SOFT_GRIP_ENTRY,,686.0386962890625,60.39018630981445,486.7906188964844,178.5884246826172,-89.77539825439453,-179.95021057128906,-6.4896,-2.0569,1.249,0.3791,-0.0093,0.0015,-3.1189,0.5556,0.2272,0.1936,-0.0048,0.0008,-1.2762,-2.2149,-6.4321,0.3791,-0.0093,0.0015,-0.239,0.4782,-3.1302,0.1936,-0.0048,0.0008,3.1189,12.7713,,,18.2,moving
2026-09-21T09:25:28.873+09:00,TRIAL_01_TEST_P01,TEST_P01,SOFT_GRIP_ENTRY,,686.5859985351562,60.392127990722656,486.8652038574219,178.5886688232422,-89.76921081542969,-179.94593811035156,-6.5646,-2.1707,1.1658,0.3735,-0.0092,0.0015,-3.1939,0.4418,0.144,0.1879,-0.0047,0.0008,-1.1943,-2.3306,-6.5044,0.3735,-0.0092,0.0015,-0.1571,0.3625,-3.2025,0.1879,-0.0047,0.0008,3.1939,13.3186,,,18.2,moving
2026-09-21T09:25:28.929+09:00,TRIAL_01_TEST_P01,TEST_P01,SOFT_GRIP_ENTRY,,687.1611938476562,60.41168212890625,486.8974609375,178.59007263183594,-89.76680755615234,-179.94869995117188,-6.5646,-2.1707,1.1658,0.3735,-0.0092,0.0015,-3.1939,0.4418,0.144,0.1879,-0.0047,0.0008,-1.1943,-2.3306,-6.5044,0.3735,-0.0092,0.0015,-0.1571,0.3625,-3.2025,0.1879,-0.0047,0.0008,3.1939,13.8938,,,18.2,moving
2026-09-21T09:25:28.984+09:00,TRIAL_01_TEST_P01,TEST_P01,SOFT_GRIP_ENTRY,,687.7128295898438,60.4189567565918,486.9339904785156,178.59088134765625,-89.76370239257812,-179.95152282714844,-6.6848,-2.1732,1.4079,0.3795,-0.0093,0.0015,-3.3141,0.4393,0.3861,0.1939,-0.0048,0.0008,-1.4367,-2.3357,-6.6236,0.3795,-0.0093,0.0015,-0.3995,0.3574,-3.3217,0.1939,-0.0048,0.0008,3.3141,14.4454,,,18.2,moving
2026-09-21T09:25:29.040+09:00,TRIAL_01_TEST_P01,TEST_P01,SOFT_GRIP_ENTRY,,688.2449951171875,60.395957946777344,486.9254150390625,178.58938598632812,-89.76439666748047,-179.94888305664062,-6.6848,-2.1732,1.4079,0.3795,-0.0093,0.0015,-3.3141,0.4393,0.3861,0.1939,-0.0048,0.0008,-1.4367,-2.3357,-6.6236,0.3795,-0.0093,0.0015,-0.3995,0.3574,-3.3217,0.1939,-0.0048,0.0008,3.3141,14.9776,,,18.2,moving
2026-09-21T09:25:29.095+09:00,TRIAL_01_TEST_P01,TEST_P01,SOFT_GRIP_ENTRY,,688.8167724609375,60.37831497192383,486.9383544921875,178.5875701904297,-89.76351165771484,-179.9473876953125,-6.9664,-2.1732,1.4071,0.3787,-0.0093,0.0016,-3.5956,0.4393,0.3853,0.1931,-0.0048,0.0008,-1.4378,-2.3429,-6.9048,0.3787,-0.0093,0.0016,-0.4006,0.3503,-3.603,0.1931,-0.0048,0.0008,3.5956,15.5494,,,18.2,moving
2026-09-21T09:25:29.151+09:00,TRIAL_01_TEST_P01,TEST_P01,SOFT_GRIP_ENTRY,,689.3785400390625,60.394737243652344,486.9593200683594,178.58892822265625,-89.76165771484375,-179.95297241210938,-6.9664,-2.1732,1.4071,0.3787,-0.0093,0.0016,-3.5956,0.4393,0.3853,0.1931,-0.0048,0.0008,-1.4378,-2.3429,-6.9048,0.3787,-0.0093,0.0016,-0.4006,0.3503,-3.603,0.1931,-0.0048,0.0008,3.5956,16.1111,,,18.2,moving
2026-09-21T09:25:29.206+09:00,TRIAL_01_TEST_P01,TEST_P01,SOFT_GRIP_ENTRY,,689.9218139648438,60.424644470214844,486.89007568359375,178.59181213378906,-89.76725769042969,-179.95230102539062,-6.7785,-2.2376,1.6254,0.3816,-0.0094,0.0016,-3.4077,0.3749,0.6036,0.196,-0.0049,0.0009,-1.6552,-2.4025,-6.7145,0.3816,-0.0094,0.0016,-0.618,0.2906,-3.4127,0.196,-0.0049,0.0009,3.4077,16.6544,,,18.2,moving
2026-09-21T09:25:29.263+09:00,TRIAL_01_TEST_P01,TEST_P01,SOFT_GRIP_ENTRY,,690.474609375,60.44419479370117,486.8726806640625,178.59352111816406,-89.7686538696289,-179.94976806640625,-7.32,-2.3182,1.8375,0.3834,-0.0094,0.0016,-3.9493,0.2943,0.8157,0.1978,-0.0049,0.0008,-1.8688,-2.4956,-7.2535,0.3834,-0.0094,0.0016,-0.8317,0.1976,-3.9516,0.1978,-0.0049,0.0008,3.9493,17.2072,,,18.2,moving
2026-09-21T09:25:29.319+09:00,TRIAL_01_TEST_P01,TEST_P01,SOFT_GRIP_ENTRY,,691.0360107421875,60.436214447021484,486.8883972167969,178.59268188476562,-89.76727294921875,-179.95115661621094,-7.32,-2.3182,1.8375,0.3834,-0.0094,0.0016,-3.9493,0.2943,0.8157,0.1978,-0.0049,0.0008,-1.8688,-2.4956,-7.2535,0.3834,-0.0094,0.0016,-0.8317,0.1976,-3.9516,0.1978,-0.0049,0.0008,3.9493,17.7686,,,18.2,moving
2026-09-21T09:25:29.376+09:00,TRIAL_01_TEST_P01,TEST_P01,SOFT_GRIP_ENTRY,,691.6043701171875,60.39503479003906,486.9485168457031,178.58935546875,-89.76207733154297,-179.9535369873047,-7.3828,-2.3848,1.825,0.3826,-0.0094,0.0016,-4.0121,0.2276,0.8032,0.197,-0.0049,0.0009,-1.8575,-2.5642,-7.3143,0.3826,-0.0094,0.0016,-0.8204,0.1289,-4.0124,0.197,-0.0049,0.0009,4.0121,18.337,,,18.2,moving
2026-09-21T09:25:29.432+09:00,TRIAL_01_TEST_P01,TEST_P01,SOFT_GRIP_ENTRY,,692.1683349609375,60.37076950073242,487.00128173828125,178.58717346191406,-89.75758361816406,-179.9477996826172,-7.3828,-2.3848,1.825,0.3826,-0.0094,0.0016,-4.0121,0.2276,0.8032,0.197,-0.0049,0.0009,-1.8575,-2.5642,-7.3143,0.3826,-0.0094,0.0016,-0.8204,0.1289,-4.0124,0.197,-0.0049,0.0009,4.0121,18.9009,,,18.2,moving
2026-09-21T09:25:29.489+09:00,TRIAL_01_TEST_P01,TEST_P01,SOFT_GRIP_ENTRY,,692.7372436523438,60.37929916381836,486.9561462402344,178.5876922607422,-89.76154327392578,-179.94583129882812,-7.0043,-2.69,2.2376,0.3749,-0.0092,0.0016,-3.6336,-0.0775,1.2157,0.1893,-0.0047,0.0009,-2.2691,-2.8598,-6.9265,0.3749,-0.0092,0.0016,-1.2319,-0.1667,-3.6246,0.1893,-0.0047,0.0009,3.6336,19.4698,,,18.2,moving
2026-09-21T09:25:29.545+09:00,TRIAL_01_TEST_P01,TEST_P01,SOFT_GRIP_ENTRY,,693.2926025390625,60.40666580200195,487.0194091796875,178.59014892578125,-89.75637817382812,-179.94918823242188,-7.0043,-2.69,2.2376,0.3749,-0.0092,0.0016,-3.6336,-0.0775,1.2157,0.1893,-0.0047,0.0009,-2.2691,-2.8598,-6.9265,0.3749,-0.0092,0.0016,-1.2319,-0.1667,-3.6246,0.1893,-0.0047,0.0009,3.6336,20.0252,,,18.2,moving
2026-09-21T09:25:29.602+09:00,TRIAL_01_TEST_P01,TEST_P01,SOFT_GRIP_ENTRY,,693.8484497070312,60.417476654052734,486.9262390136719,178.591552734375,-89.76388549804688,-179.9516143798828,-7.6431,-2.7353,2.1256,0.3757,-0.0093,0.0016,-4.2724,-0.1228,1.1038,0.1902,-0.0047,0.0009,-2.1604,-2.9206,-7.5644,0.3757,-0.0093,0.0016,-1.1232,-0.2275,-4.2625,0.1902,-0.0047,0.0009,4.2724,20.5811,,,18.2,moving
2026-09-21T09:25:29.657+09:00,TRIAL_01_TEST_P01,TEST_P01,SOFT_GRIP_ENTRY,,694.4324340820312,60.404319763183594,486.8561706542969,178.59036254882812,-89.76971435546875,-179.94924926757812,-7.1134,-2.8185,2.491,0.3724,-0.0092,0.0015,-3.7427,-0.206,1.4692,0.1868,-0.0046,0.0008,-2.5219,-2.9904,-7.0318,0.3724,-0.0092,0.0015,-1.4847,-0.2972,-3.73,0.1868,-0.0046,0.0008,3.7427,21.165,,,18.2,moving
2026-09-21T09:25:29.713+09:00,TRIAL_01_TEST_P01,TEST_P01,SOFT_GRIP_ENTRY,,695.0056762695312,60.38546371459961,486.84259033203125,178.58843994140625,-89.77090454101562,-179.9484100341797,-7.1134,-2.8185,2.491,0.3724,-0.0092,0.0015,-3.7427,-0.206,1.4692,0.1868,-0.0046,0.0008,-2.5219,-2.9904,-7.0318,0.3724,-0.0092,0.0015,-1.4847,-0.2972,-3.73,0.1868,-0.0046,0.0008,3.7427,21.7383,,,18.2,moving
2026-09-21T09:25:29.769+09:00,TRIAL_01_TEST_P01,TEST_P01,SOFT_GRIP_ENTRY,,695.5621337890625,60.39195251464844,486.8631591796875,178.589111328125,-89.7690658569336,-179.95420837402344,-7.472,-2.6527,2.4612,0.3781,-0.0093,0.0015,-4.1012,-0.0402,1.4394,0.1926,-0.0048,0.0008,-2.493,-2.8338,-7.3945,0.3781,-0.0093,0.0015,-1.4558,-0.1407,-4.0926,0.1926,-0.0048,0.0008,4.1012,22.2947,,,18.2,moving
2026-09-21T09:25:29.825+09:00,TRIAL_01_TEST_P01,TEST_P01,SOFT_GRIP_ENTRY,,696.1347045898438,60.41351318359375,486.88165283203125,178.59072875976562,-89.76728057861328,-179.95469665527344,-7.472,-2.6527,2.4612,0.3781,-0.0093,0.0015,-4.1012,-0.0402,1.4394,0.1926,-0.0048,0.0008,-2.493,-2.8338,-7.3945,0.3781,-0.0093,0.0015,-1.4558,-0.1407,-4.0926,0.1926,-0.0048,0.0008,4.1012,22.8673,,,18.2,moving
2026-09-21T09:25:29.881+09:00,TRIAL_01_TEST_P01,TEST_P01,SOFT_GRIP_ENTRY,,696.6978149414062,60.42716598510742,486.8192138671875,178.5917510986328,-89.77243041992188,-179.9513397216797,-7.2647,-2.7271,2.7326,0.3823,-0.0094,0.0015,-3.894,-0.1146,1.7108,0.1968,-0.0049,0.0008,-2.7641,-2.9025,-7.1844,0.3823,-0.0094,0.0015,-1.7269,-0.2094,-3.8825,0.1968,-0.0049,0.0008,3.894,23.4304,,,18.2,moving
2026-09-21T09:25:29.936+09:00,TRIAL_01_TEST_P01,TEST_P01,SOFT_GRIP_ENTRY,,697.2123413085938,60.421077728271484,486.84991455078125,178.59127807617188,-89.76996612548828,-179.948486328125,-7.2647,-2.7271,2.7326,0.3823,-0.0094,0.0015,-3.894,-0.1146,1.7108,0.1968,-0.0049,0.0008,-2.7641,-2.9025,-7.1844,0.3823,-0.0094,0.0015,-1.7269,-0.2094,-3.8825,0.1968,-0.0049,0.0008,3.894,23.9449,,,18.2,moving
2026-09-21T09:25:30.992+09:00,TRIAL_01_TEST_P01,TEST_P01,SOFT_GRIP_ENTRY,SOFT_GRIP_STABILIZATION_END,698.1630249023438,60.33991241455078,486.7646179199219,178.5855255126953,-89.77326965332031,-179.94786071777344,-6.6874,-2.2667,2.9666,0.4302,-0.0106,0.0017,0.0,0.0,0.0,0.0,0.0,0.0,-2.995,-2.4284,-6.6177,0.4302,-0.0106,0.0017,0.0,0.0,0.0,0.0,0.0,0.0,,,,,18.2,moving
2026-09-21T09:25:31.138+09:00,TRIAL_01_TEST_P01,TEST_P01,HARD_GRIP,HARD_GRIP_COMMAND,698.1517333984375,60.342525482177734,486.7870788574219,178.5857391357422,-89.7713851928711,-179.9478302001953,-6.5007,-2.2755,3.0044,0.4594,-0.0113,0.0018,0.0,0.0,0.0,0.0,0.0,0.0,-3.0321,-2.4325,-6.4306,0.4594,-0.0113,0.0018,0.0,0.0,0.0,0.0,0.0,0.0,,,,,17.9,moving
2026-09-21T09:25:32.143+09:00,TRIAL_01_TEST_P01,TEST_P01,HARD_GRIP,HARD_GRIP_STABILIZATION_END,698.0972290039062,60.372859954833984,486.8884582519531,178.58876037597656,-89.76318359375,-179.949951171875,-5.6261,-2.3988,2.4373,0.5071,-0.0125,0.0021,0.0,0.0,0.0,0.0,0.0,0.0,-2.4625,-2.5345,-5.5552,0.5071,-0.0125,0.0021,0.0,0.0,0.0,0.0,0.0,0.0,,,,,16.7,moving
2026-09-21T09:25:32.179+09:00,TRIAL_01_TEST_P01,TEST_P01,PULL_TEST,,698.09716796875,60.374061584472656,486.8884582519531,178.5888671875,-89.76318359375,-179.95010375976562,-5.5852,-2.3899,2.4459,0.5103,-0.0126,0.0021,0.0408,0.009,0.0086,0.0032,-0.0001,0.0,-2.4709,-2.5245,-5.5145,0.5103,-0.0126,0.0021,-0.0085,0.01,0.0406,0.0032,-0.0001,0.0,,,0.0408,0.0001,16.7,moving
2026-09-21T09:25:32.234+09:00,TRIAL_01_TEST_P01,TEST_P01,PULL_TEST,,698.093994140625,60.3747444152832,486.8945617675781,178.58895874023438,-89.7626953125,-179.95001220703125,-5.5852,-2.3899,2.4459,0.5103,-0.0126,0.0021,0.0408,0.009,0.0086,0.0032,-0.0001,0.0,-2.4709,-2.5245,-5.5145,0.5103,-0.0126,0.0021,-0.0085,0.01,0.0406,0.0032,-0.0001,0.0,,,0.0408,0.0032,16.7,moving
2026-09-21T09:25:32.290+09:00,TRIAL_01_TEST_P01,TEST_P01,PULL_TEST,,698.0382690429688,60.3766975402832,486.9940490722656,178.58981323242188,-89.7547836303711,-179.94801330566406,-5.4711,-2.4037,2.4179,0.5101,-0.0126,0.0021,0.155,-0.0049,-0.0194,0.003,-0.0001,0.0,-2.4427,-2.5356,-5.4001,0.5101,-0.0126,0.0021,0.0198,-0.001,0.155,0.003,-0.0001,0.0,,,0.155,0.059,16.7,moving
2026-09-21T09:25:32.346+09:00,TRIAL_01_TEST_P01,TEST_P01,PULL_TEST,,697.873291015625,60.38197326660156,487.2001953125,178.5903778076172,-89.73809814453125,-179.9393310546875,-5.4711,-2.4037,2.4179,0.5101,-0.0126,0.0021,0.155,-0.0049,-0.0194,0.003,-0.0001,0.0,-2.4427,-2.5356,-5.4001,0.5101,-0.0126,0.0021,0.0198,-0.001,0.155,0.003,-0.0001,0.0,,,0.155,0.2239,16.7,moving
2026-09-21T09:25:32.403+09:00,TRIAL_01_TEST_P01,TEST_P01,PULL_TEST,,697.568115234375,60.37385559082031,487.3186340332031,178.5887908935547,-89.72720336914062,-179.9381866455078,-4.1889,-2.4615,1.9243,0.485,-0.0119,0.0021,1.4372,-0.0627,-0.513,-0.0221,0.0006,0.0,-1.946,-2.5618,-4.1181,0.485,-0.0119,0.0021,0.5165,-0.0272,1.437,-0.0221,0.0006,0.0,,,1.4372,0.5291,16.7,moving
2026-09-21T09:25:32.459+09:00,TRIAL_01_TEST_P01,TEST_P01,PULL_TEST,,697.0834350585938,60.357810974121094,487.3800354003906,178.5877685546875,-89.72138977050781,-179.93630981445312,-3.0103,-2.621,1.2602,0.496,-0.0122,0.0024,2.6157,-0.2222,-1.1771,-0.0111,0.0003,0.0003,-1.2775,-2.693,-2.9386,0.496,-0.0122,0.0024,1.185,-0.1585,2.6165,-0.0111,0.0003,0.0003,,,2.6157,1.0138,16.7,moving
2026-09-21T09:25:32.513+09:00,TRIAL_01_TEST_P01,TEST_P01,PULL_TEST,,696.5274658203125,60.360538482666016,487.2947692871094,178.58831787109375,-89.72769165039062,-179.93650817871094,-3.0103,-2.621,1.2602,0.496,-0.0122,0.0024,2.6157,-0.2222,-1.1771,-0.0111,0.0003,0.0003,-1.2775,-2.693,-2.9386,0.496,-0.0122,0.0024,1.185,-0.1585,2.6165,-0.0111,0.0003,0.0003,,,2.6157,1.5698,16.7,moving
2026-09-21T09:25:32.569+09:00,TRIAL_01_TEST_P01,TEST_P01,PULL_TEST,,695.9771118164062,60.35995101928711,487.2028503417969,178.58816528320312,-89.73441314697266,-179.93997192382812,-3.7408,-2.6719,1.2997,0.5678,-0.014,0.0027,1.8853,-0.273,-1.1376,0.0607,-0.0015,0.0006,-1.3197,-2.7618,-3.6677,0.5678,-0.014,0.0027,1.1428,-0.2273,1.8874,0.0607,-0.0015,0.0006,,,1.8853,2.1201,16.7,moving
2026-09-21T09:25:32.625+09:00,TRIAL_01_TEST_P01,TEST_P01,PULL_TEST,,695.40673828125,60.33969497680664,487.1922607421875,178.5867156982422,-89.7348403930664,-179.9449462890625,-3.7408,-2.6719,1.2997,0.5678,-0.014,0.0027,1.8853,-0.273,-1.1376,0.0607,-0.0015,0.0006,-1.3197,-2.7618,-3.6677,0.5678,-0.014,0.0027,1.1428,-0.2273,1.8874,0.0607,-0.0015,0.0006,,,1.8853,2.6905,16.7,moving
2026-09-21T09:25:32.680+09:00,TRIAL_01_TEST_P01,TEST_P01,PULL_TEST,,694.8145141601562,60.311771392822266,487.1520080566406,178.58462524414062,-89.7379379272461,-179.94407653808594,-3.325,-2.6982,1.5336,0.668,-0.0165,0.0031,2.301,-0.2994,-0.9037,0.161,-0.004,0.001,-1.5512,-2.778,-3.2504,0.668,-0.0165,0.0031,0.9113,-0.2435,2.3048,0.161,-0.004,0.001,,,2.301,3.2827,16.7,moving
2026-09-21T09:25:32.735+09:00,TRIAL_01_TEST_P01,TEST_P01,PULL_TEST,,694.2609252929688,60.306610107421875,487.03997802734375,178.5841522216797,-89.7470474243164,-179.9419403076172,-3.325,-2.6982,1.5336,0.668,-0.0165,0.0031,2.301,-0.2994,-0.9037,0.161,-0.004,0.001,-1.5512,-2.778,-3.2504,0.668,-0.0165,0.0031,0.9113,-0.2435,2.3048,0.161,-0.004,0.001,,,2.301,3.8363,16.7,moving
2026-09-21T09:25:32.791+09:00,TRIAL_01_TEST_P01,TEST_P01,PULL_TEST,,693.6843872070312,60.32977294921875,487.00628662109375,178.5863037109375,-89.74951171875,-179.94178771972656,-3.4557,-2.6907,1.6831,0.7304,-0.018,0.0033,2.1703,-0.2919,-0.7542,0.2233,-0.0056,0.0012,-1.7007,-2.7735,-3.3808,0.7304,-0.018,0.0033,0.7618,-0.239,2.1743,0.2233,-0.0056,0.0012,,,2.1703,4.4128,16.7,moving
2026-09-21T09:25:32.848+09:00,TRIAL_01_TEST_P01,TEST_P01,PULL_TEST,,693.1029052734375,60.35220718383789,487.1423645019531,178.5884246826172,-89.73846435546875,-179.9430389404297,-3.4557,-2.6907,1.6831,0.7304,-0.018,0.0033,2.1703,-0.2919,-0.7542,0.2233,-0.0056,0.0012,-1.7007,-2.7735,-3.3808,0.7304,-0.018,0.0033,0.7618,-0.239,2.1743,0.2233,-0.0056,0.0012,,,2.1703,4.9943,16.7,moving
2026-09-21T09:25:32.903+09:00,TRIAL_01_TEST_P01,TEST_P01,PULL_TEST,,692.55517578125,60.34611511230469,487.0663146972656,178.58787536621094,-89.74491119384766,-179.94517517089844,-3.1891,-2.8246,1.7414,0.7633,-0.0188,0.0034,2.437,-0.4258,-0.6959,0.2562,-0.0063,0.0013,-1.7585,-2.9006,-3.1106,0.7633,-0.0188,0.0034,0.704,-0.366,2.4446,0.2562,-0.0063,0.0013,,,2.437,5.5421,16.7,moving
2026-09-21T09:25:32.958+09:00,TRIAL_01_TEST_P01,TEST_P01,PULL_TEST,,692.0101318359375,60.325775146484375,486.9416198730469,178.58616638183594,-89.75515747070312,-179.94497680664062,-3.006,-2.8527,1.8495,0.7947,-0.0196,0.0035,2.6201,-0.4538,-0.5878,0.2876,-0.0071,0.0014,-1.8648,-2.9242,-2.9267,0.7947,-0.0196,0.0035,0.5976,-0.3896,2.6284,0.2876,-0.0071,0.0014,,,2.6201,6.0871,16.7,moving
2026-09-21T09:25:33.015+09:00,TRIAL_01_TEST_P01,TEST_P01,PULL_TEST,,691.4174194335938,60.308231353759766,486.9428405761719,178.58541870117188,-89.75494384765625,-179.94598388671875,-3.006,-2.8527,1.8495,0.7947,-0.0196,0.0035,2.6201,-0.4538,-0.5878,0.2876,-0.0071,0.0014,-1.8648,-2.9242,-2.9267,0.7947,-0.0196,0.0035,0.5976,-0.3896,2.6284,0.2876,-0.0071,0.0014,,,2.6201,6.6798,16.7,moving
2026-09-21T09:25:33.071+09:00,TRIAL_01_TEST_P01,TEST_P01,PULL_TEST,,690.85498046875,60.317726135253906,486.9135437011719,178.58615112304688,-89.75723266601562,-179.9504852294922,-2.5308,-2.8938,1.8329,0.8177,-0.0202,0.0035,3.0952,-0.495,-0.6044,0.3106,-0.0077,0.0014,-1.846,-2.9537,-2.4507,0.8177,-0.0202,0.0035,0.6164,-0.4192,3.1044,0.3106,-0.0077,0.0014,,,3.0952,7.2422,16.7,moving
2026-09-21T09:25:33.128+09:00,TRIAL_01_TEST_P01,TEST_P01,PULL_TEST,,690.2922973632812,60.34516906738281,486.8454284667969,178.58807373046875,-89.76276397705078,-179.95150756835938,-2.5308,-2.8938,1.8329,0.8177,-0.0202,0.0035,3.0952,-0.495,-0.6044,0.3106,-0.0077,0.0014,-1.846,-2.9537,-2.4507,0.8177,-0.0202,0.0035,0.6164,-0.4192,3.1044,0.3106,-0.0077,0.0014,,,3.0952,7.8049,16.7,moving
2026-09-21T09:25:33.184+09:00,TRIAL_01_TEST_P01,TEST_P01,PULL_TEST,,689.7155151367188,60.35826873779297,486.83697509765625,178.58921813964844,-89.76306915283203,-179.9481201171875,-2.4186,-3.0068,2.1188,0.8496,-0.0209,0.0036,3.2074,-0.608,-0.3185,0.3425,-0.0085,0.0015,-2.1311,-3.0636,-2.3351,0.8496,-0.0209,0.0036,0.3314,-0.5291,3.2201,0.3425,-0.0085,0.0015,,,3.2074,8.3817,16.7,moving
2026-09-21T09:25:33.239+09:00,TRIAL_01_TEST_P01,TEST_P01,PULL_TEST,,689.1708984375,60.34429168701172,486.88739013671875,178.58804321289062,-89.7587890625,-179.9484405517578,-2.4186,-3.0068,2.1188,0.8496,-0.0209,0.0036,3.2074,-0.608,-0.3185,0.3425,-0.0085,0.0015,-2.1311,-3.0636,-2.3351,0.8496,-0.0209,0.0036,0.3314,-0.5291,3.2201,0.3425,-0.0085,0.0015,,,3.2074,8.9263,16.7,moving
2026-09-21T09:25:33.295+09:00,TRIAL_01_TEST_P01,TEST_P01,PULL_TEST,,688.6400146484375,60.317325592041016,486.85333251953125,178.58535766601562,-89.76156616210938,-179.95179748535156,-2.2479,-3.0457,1.8578,0.8771,-0.0216,0.0037,3.3781,-0.6469,-0.5795,0.3701,-0.0091,0.0016,-1.8697,-3.0986,-2.1643,0.8771,-0.0216,0.0037,0.5928,-0.564,3.3909,0.3701,-0.0091,0.0016,,,3.3781,9.4572,16.7,moving
2026-09-21T09:25:33.350+09:00,TRIAL_01_TEST_P01,TEST_P01,PULL_TEST,,688.0769653320312,60.298282623291016,486.85211181640625,178.58396911621094,-89.76179504394531,-179.948974609375,-2.2479,-3.0457,1.8578,0.8771,-0.0216,0.0037,3.3781,-0.6469,-0.5795,0.3701,-0.0091,0.0016,-1.8697,-3.0986,-2.1643,0.8771,-0.0216,0.0037,0.5928,-0.564,3.3909,0.3701,-0.0091,0.0016,,,3.3781,10.0203,16.7,moving
2026-09-21T09:25:33.407+09:00,TRIAL_01_TEST_P01,TEST_P01,PULL_TEST,,687.50927734375,60.310176849365234,486.8710021972656,178.58526611328125,-89.76012420654297,-179.94638061523438,-1.4284,-3.0095,1.9006,0.896,-0.0221,0.0037,4.1977,-0.6107,-0.5367,0.3889,-0.0096,0.0016,-1.9089,-3.0422,-1.3457,0.896,-0.0221,0.0037,0.5536,-0.5076,4.2095,0.3889,-0.0096,0.0016,,,4.1977,10.588,16.7,moving
2026-09-21T09:25:33.463+09:00,TRIAL_01_TEST_P01,TEST_P01,PULL_TEST,,686.95361328125,60.33871078491211,486.8441467285156,178.58738708496094,-89.76224517822266,-179.95005798339844,-1.8877,-3.031,1.7347,0.9048,-0.0223,0.0037,3.7384,-0.6321,-0.7026,0.3978,-0.0098,0.0017,-1.7449,-3.0751,-1.8052,0.9048,-0.0223,0.0037,0.7176,-0.5405,3.75,0.3978,-0.0098,0.0017,,,3.7384,11.1436,16.7,moving
2026-09-21T09:25:33.519+09:00,TRIAL_01_TEST_P01,TEST_P01,PULL_TEST,,686.3748168945312,60.33966827392578,486.7999267578125,178.58779907226562,-89.76612091064453,-179.9488067626953,-1.8877,-3.031,1.7347,0.9048,-0.0223,0.0037,3.7384,-0.6321,-0.7026,0.3978,-0.0098,0.0017,-1.7449,-3.0751,-1.8052,0.9048,-0.0223,0.0037,0.7176,-0.5405,3.75,0.3978,-0.0098,0.0017,,,3.7384,11.7224,16.7,moving
2026-09-21T09:25:33.576+09:00,TRIAL_01_TEST_P01,TEST_P01,PULL_TEST,,685.7855224609375,60.32297897338867,486.78271484375,178.58694458007812,-89.7674789428711,-179.94577026367188,-1.2184,-3.101,1.4842,0.9058,-0.0223,0.0037,4.4077,-0.7022,-0.953,0.3987,-0.0098,0.0016,-1.4918,-3.1287,-1.1355,0.9058,-0.0223,0.0037,0.9707,-0.5942,4.4196,0.3987,-0.0098,0.0016,,,4.4077,12.3117,16.7,moving
2026-09-21T09:25:33.632+09:00,TRIAL_01_TEST_P01,TEST_P01,PULL_TEST,,685.240234375,60.316402435302734,486.77667236328125,178.58631896972656,-89.767822265625,-179.94845581054688,-1.2184,-3.101,1.4842,0.9058,-0.0223,0.0037,4.4077,-0.7022,-0.953,0.3987,-0.0098,0.0016,-1.4918,-3.1287,-1.1355,0.9058,-0.0223,0.0037,0.9707,-0.5942,4.4196,0.3987,-0.0098,0.0016,,,4.4077,12.857,16.7,moving
2026-09-21T09:25:33.688+09:00,TRIAL_01_TEST_P01,TEST_P01,PULL_TEST,,684.6958618164062,60.32770538330078,486.87542724609375,178.58685302734375,-89.7597885131836,-179.95225524902344,-1.4055,-3.0728,1.5223,0.9117,-0.0225,0.0037,4.2206,-0.674,-0.915,0.4046,-0.01,0.0016,-1.5303,-3.1053,-1.3231,0.9117,-0.0225,0.0037,0.9322,-0.5708,4.2321,0.4046,-0.01,0.0016,,,4.2206,13.4014,16.7,moving
2026-09-21T09:25:33.744+09:00,TRIAL_01_TEST_P01,TEST_P01,PULL_TEST,,684.12451171875,60.354488372802734,486.8728332519531,178.589111328125,-89.7598648071289,-179.95120239257812,-1.4055,-3.0728,1.5223,0.9117,-0.0225,0.0037,4.2206,-0.674,-0.915,0.4046,-0.01,0.0016,-1.5303,-3.1053,-1.3231,0.9117,-0.0225,0.0037,0.9322,-0.5708,4.2321,0.4046,-0.01,0.0016,,,4.2206,13.9727,16.7,moving
2026-09-21T09:25:33.800+09:00,TRIAL_01_TEST_P01,TEST_P01,PULL_TEST,,683.5444946289062,60.36781692504883,486.83349609375,178.59033203125,-89.76261901855469,-179.95252990722656,-1.27,-3.1976,1.2167,0.9131,-0.0225,0.0038,4.356,-0.7987,-1.2206,0.406,-0.01,0.0017,-1.2245,-3.2268,-1.1858,0.9131,-0.0225,0.0038,1.238,-0.6923,4.3693,0.406,-0.01,0.0017,,,4.356,14.5527,16.7,moving
2026-09-21T09:25:33.857+09:00,TRIAL_01_TEST_P01,TEST_P01,PULL_TEST,,682.9822998046875,60.34918975830078,486.8714904785156,178.5886688232422,-89.75959777832031,-179.95480346679688,-0.8596,-3.3051,1.0328,0.9173,-0.0226,0.0038,4.7665,-0.9063,-1.4045,0.4102,-0.0101,0.0017,-1.0387,-3.3244,-0.7736,0.9173,-0.0226,0.0038,1.4238,-0.7899,4.7816,0.4102,-0.0101,0.0017,,,4.7665,15.1149,16.7,moving
2026-09-21T09:25:33.913+09:00,TRIAL_01_TEST_P01,TEST_P01,PULL_TEST,,682.4140014648438,60.32652282714844,486.9282531738281,178.5869903564453,-89.75498962402344,-179.94989013671875,-0.8596,-3.3051,1.0328,0.9173,-0.0226,0.0038,4.7665,-0.9063,-1.4045,0.4102,-0.0101,0.0017,-1.0387,-3.3244,-0.7736,0.9173,-0.0226,0.0038,1.4238,-0.7899,4.7816,0.4102,-0.0101,0.0017,,,4.7665,15.6832,16.7,moving
2026-09-21T09:25:33.969+09:00,TRIAL_01_TEST_P01,TEST_P01,PULL_TEST,,681.8550415039062,60.322265625,486.8819885253906,178.5868377685547,-89.75849151611328,-179.9459228515625,-0.8267,-3.3062,1.1414,0.9163,-0.0226,0.0039,4.7993,-0.9074,-1.2959,0.4092,-0.0101,0.0018,-1.1476,-3.3245,-0.7401,0.9163,-0.0226,0.0039,1.3148,-0.79,4.8151,0.4092,-0.0101,0.0018,,,4.7993,16.2422,16.7,moving
2026-09-21T09:25:34.025+09:00,TRIAL_01_TEST_P01,TEST_P01,PULL_TEST,,681.2906494140625,60.34546661376953,486.7916259765625,178.5886688232422,-89.76617431640625,-179.94985961914062,-0.8267,-3.3062,1.1414,0.9163,-0.0226,0.0039,4.7993,-0.9074,-1.2959,0.4092,-0.0101,0.0018,-1.1476,-3.3245,-0.7401,0.9163,-0.0226,0.0039,1.3148,-0.79,4.8151,0.4092,-0.0101,0.0018,,,4.7993,16.8066,16.7,moving
2026-09-21T09:25:34.082+09:00,TRIAL_01_TEST_P01,TEST_P01,PULL_TEST,,680.7276611328125,60.35953140258789,486.79620361328125,178.58999633789062,-89.76583099365234,-179.9509735107422,-0.5828,-3.3696,1.1575,0.9222,-0.0227,0.0038,5.0433,-0.9708,-1.2798,0.4152,-0.0102,0.0017,-1.1625,-3.382,-0.4949,0.9222,-0.0227,0.0038,1.3,-0.8474,5.0602,0.4152,-0.0102,0.0017,,,5.0433,17.3696,16.7,moving
2026-09-21T09:25:34.137+09:00,TRIAL_01_TEST_P01,TEST_P01,PULL_TEST,,680.187744140625,60.34602355957031,486.9208068847656,178.58900451660156,-89.75563049316406,-179.947509765625,-0.5828,-3.3696,1.1575,0.9222,-0.0227,0.0038,5.0433,-0.9708,-1.2798,0.4152,-0.0102,0.0017,-1.1625,-3.382,-0.4949,0.9222,-0.0227,0.0038,1.3,-0.8474,5.0602,0.4152,-0.0102,0.0017,,,5.0433,17.9095,16.7,moving
2026-09-21T09:25:34.194+09:00,TRIAL_01_TEST_P01,TEST_P01,PULL_TEST,,679.640380859375,60.313087463378906,486.8844909667969,178.5861053466797,-89.75871276855469,-179.95034790039062,-0.0679,-3.3898,0.9796,0.9234,-0.0227,0.0039,5.5582,-0.9909,-1.4576,0.4164,-0.0102,0.0018,-0.9826,-3.3895,0.0198,0.9234,-0.0227,0.0039,1.4798,-0.855,5.575,0.4164,-0.0102,0.0018,,,5.5582,18.4568,16.7,moving
2026-09-21T09:25:34.249+09:00,TRIAL_01_TEST_P01,TEST_P01,PULL_TEST,,679.0739135742188,60.28624725341797,486.81939697265625,178.58404541015625,-89.7640609741211,-179.9511260986328,-0.0679,-3.3898,0.9796,0.9234,-0.0227,0.0039,5.5582,-0.9909,-1.4576,0.4164,-0.0102,0.0018,-0.9826,-3.3895,0.0198,0.9234,-0.0227,0.0039,1.4798,-0.855,5.575,0.4164,-0.0102,0.0018,,,5.5582,19.0233,16.7,moving
2026-09-21T09:25:34.305+09:00,TRIAL_01_TEST_P01,TEST_P01,PULL_TEST,,678.5164184570312,60.29261016845703,486.8218688964844,178.58460998535156,-89.76360321044922,-179.9479522705078,-0.0373,-3.3564,0.9277,0.9205,-0.0227,0.0038,5.5888,-0.9575,-1.5096,0.4135,-0.0102,0.0017,-0.9304,-3.3555,0.0495,0.9205,-0.0227,0.0038,1.532,-0.8209,5.6046,0.4135,-0.0102,0.0017,,,5.5888,19.5808,16.7,moving
2026-09-21T09:25:34.361+09:00,TRIAL_01_TEST_P01,TEST_P01,PULL_TEST,,677.9754638671875,60.320457458496094,486.8102722167969,178.5863037109375,-89.76456451416016,-179.95115661621094,0.1771,-3.3833,0.7311,0.9177,-0.0227,0.0038,5.8031,-0.9845,-1.7061,0.4106,-0.0102,0.0017,-0.733,-3.3773,0.2635,0.9177,-0.0227,0.0038,1.7295,-0.8428,5.8187,0.4106,-0.0102,0.0017,,,5.8031,20.1218,16.7,moving
2026-09-21T09:25:34.417+09:00,TRIAL_01_TEST_P01,TEST_P01,PULL_TEST,,677.4095458984375,60.33173751831055,486.76019287109375,178.5872344970703,-89.76844024658203,-179.95420837402344,0.1771,-3.3833,0.7311,0.9177,-0.0227,0.0038,5.8031,-0.9845,-1.7061,0.4106,-0.0102,0.0017,-0.733,-3.3773,0.2635,0.9177,-0.0227,0.0038,1.7295,-0.8428,5.8187,0.4106,-0.0102,0.0017,,,5.8031,20.6877,16.7,moving
2026-09-21T09:25:34.473+09:00,TRIAL_01_TEST_P01,TEST_P01,PULL_TEST,,676.8307495117188,60.31993865966797,486.72314453125,178.58656311035156,-89.77119445800781,-179.9518280029297,0.6912,-3.418,0.801,0.9284,-0.0229,0.0038,6.3172,-1.0192,-1.6363,0.4214,-0.0104,0.0017,-0.8007,-3.3992,0.7785,0.9284,-0.0229,0.0038,1.6618,-0.8647,6.3336,0.4214,-0.0104,0.0017,,,6.3172,21.2665,16.7,moving
2026-09-21T09:25:34.529+09:00,TRIAL_01_TEST_P01,TEST_P01,PULL_TEST,,676.2811279296875,60.309879302978516,486.7192077636719,178.58543395996094,-89.77169036865234,-179.95379638671875,0.6912,-3.418,0.801,0.9284,-0.0229,0.0038,6.3172,-1.0192,-1.6363,0.4214,-0.0104,0.0017,-0.8007,-3.3992,0.7785,0.9284,-0.0229,0.0038,1.6618,-0.8647,6.3336,0.4214,-0.0104,0.0017,,,6.3172,21.8161,16.7,moving
2026-09-21T09:25:34.585+09:00,TRIAL_01_TEST_P01,TEST_P01,PULL_TEST,,675.7384643554688,60.33086395263672,486.8271179199219,178.58706665039062,-89.76277160644531,-179.95057678222656,0.3592,-3.5052,0.5672,0.933,-0.023,0.0038,5.9852,-1.1063,-1.8701,0.4259,-0.0105,0.0017,-0.5683,-3.4948,0.4479,0.933,-0.023,0.0038,1.8942,-0.9602,6.003,0.4259,-0.0105,0.0017,,,5.9852,22.3588,16.7,moving
2026-09-21T09:25:34.640+09:00,TRIAL_01_TEST_P01,TEST_P01,PULL_TEST,,675.1746826171875,60.361183166503906,486.803955078125,178.5897674560547,-89.76460266113281,-179.94570922851562,0.3592,-3.5052,0.5672,0.933,-0.023,0.0038,5.9852,-1.1063,-1.8701,0.4259,-0.0105,0.0017,-0.5683,-3.4948,0.4479,0.933,-0.023,0.0038,1.8942,-0.9602,6.003,0.4259,-0.0105,0.0017,,,5.9852,22.9225,16.7,moving
2026-09-21T09:25:34.694+09:00,TRIAL_01_TEST_P01,TEST_P01,PULL_TEST,,674.6122436523438,60.35816192626953,486.7738037109375,178.58969116210938,-89.7672119140625,-179.9498291015625,0.8602,-3.5818,0.2346,0.9347,-0.023,0.0038,6.4863,-1.183,-2.2027,0.4276,-0.0105,0.0017,-0.234,-3.5593,0.9491,0.9347,-0.023,0.0038,2.2285,-1.0248,6.5042,0.4276,-0.0105,0.0017,,,6.4863,23.485,16.7,moving
2026-09-21T09:25:34.751+09:00,TRIAL_01_TEST_P01,TEST_P01,PULL_TEST,,674.079345703125,60.33831024169922,486.77813720703125,178.588134765625,-89.76690673828125,-179.9531707763672,0.8602,-3.5818,0.2346,0.9347,-0.023,0.0038,6.4863,-1.183,-2.2027,0.4276,-0.0105,0.0017,-0.234,-3.5593,0.9491,0.9347,-0.023,0.0038,2.2285,-1.0248,6.5042,0.4276,-0.0105,0.0017,,,6.4863,24.0179,16.7,moving
2026-09-21T09:25:34.806+09:00,TRIAL_01_TEST_P01,TEST_P01,PULL_TEST,,673.525390625,60.31709289550781,486.80340576171875,178.58642578125,-89.76478576660156,-179.9521942138672,0.843,-3.5911,0.2542,0.9369,-0.0231,0.0038,6.4691,-1.1922,-2.1831,0.4298,-0.0106,0.0017,-0.2533,-3.569,0.9323,0.9369,-0.0231,0.0038,2.2091,-1.0345,6.4874,0.4298,-0.0106,0.0017,,,6.4691,24.5718,16.7,moving
2026-09-21T09:25:34.863+09:00,TRIAL_01_TEST_P01,TEST_P01,PULL_TEST,,672.9481201171875,60.31885528564453,486.76995849609375,178.58685302734375,-89.76747131347656,-179.95472717285156,0.8796,-3.6232,0.1672,0.924,-0.0228,0.0037,6.5056,-1.2243,-2.2701,0.4169,-0.0103,0.0017,-0.1661,-3.6003,0.9693,0.924,-0.0228,0.0037,2.2964,-1.0657,6.5245,0.4169,-0.0103,0.0017,,,6.5056,25.1491,16.7,moving
2026-09-21T09:25:34.919+09:00,TRIAL_01_TEST_P01,TEST_P01,PULL_TEST,,672.36572265625,60.34669876098633,486.7225646972656,178.5894775390625,-89.7710952758789,-179.95069885253906,0.8796,-3.6232,0.1672,0.924,-0.0228,0.0037,6.5056,-1.2243,-2.2701,0.4169,-0.0103,0.0017,-0.1661,-3.6003,0.9693,0.924,-0.0228,0.0037,2.2964,-1.0657,6.5245,0.4169,-0.0103,0.0017,,,6.5056,25.7315,16.7,moving
2026-09-21T09:25:34.975+09:00,TRIAL_01_TEST_P01,TEST_P01,PULL_TEST,,671.8145751953125,60.349700927734375,486.7235412597656,178.5894012451172,-89.77110290527344,-179.9506072998047,1.1305,-3.6733,0.0187,0.9151,-0.0225,0.0037,6.7565,-1.2745,-2.4185,0.408,-0.01,0.0016,-0.0171,-3.6444,1.2206,0.9151,-0.0225,0.0037,2.4453,-1.1098,6.7758,0.408,-0.01,0.0016,,,6.7565,26.2827,16.7,moving
2026-09-21T09:25:35.031+09:00,TRIAL_01_TEST_P01,TEST_P01,PULL_TEST,,671.2537841796875,60.32792282104492,486.8797607421875,178.58758544921875,-89.7581787109375,-179.95150756835938,1.1305,-3.6733,0.0187,0.9151,-0.0225,0.0037,6.7565,-1.2745,-2.4185,0.408,-0.01,0.0016,-0.0171,-3.6444,1.2206,0.9151,-0.0225,0.0037,2.4453,-1.1098,6.7758,0.408,-0.01,0.0016,,,6.7565,26.8434,16.7,moving
2026-09-21T09:25:35.088+09:00,TRIAL_01_TEST_P01,TEST_P01,PULL_TEST,,670.6947631835938,60.30088806152344,486.8453063964844,178.58529663085938,-89.76081085205078,-179.94886779785156,1.3748,-3.68,-0.0792,0.9124,-0.0225,0.0038,7.0009,-1.2811,-2.5165,0.4054,-0.01,0.0017,0.0822,-3.645,1.4648,0.9124,-0.0225,0.0038,2.5447,-1.1105,7.02,0.4054,-0.01,0.0017,,,7.0009,27.4025,16.7,moving
2026-09-21T09:25:35.143+09:00,TRIAL_01_TEST_P01,TEST_P01,PULL_TEST,,670.1481323242188,60.299224853515625,486.77264404296875,178.58485412597656,-89.7669448852539,-179.95237731933594,1.3748,-3.68,-0.0792,0.9124,-0.0225,0.0038,7.0009,-1.2811,-2.5165,0.4054,-0.01,0.0017,0.0822,-3.645,1.4648,0.9124,-0.0225,0.0038,2.5447,-1.1105,7.02,0.4054,-0.01,0.0017,,,7.0009,27.9491,16.7,moving
2026-09-21T09:25:35.201+09:00,TRIAL_01_TEST_P01,TEST_P01,PULL_TEST,,669.5675048828125,60.32441711425781,486.8492431640625,178.58737182617188,-89.76049041748047,-179.9507293701172,1.3554,-3.6946,-0.1704,0.9049,-0.0223,0.0037,6.9815,-1.2957,-2.6077,0.3979,-0.0099,0.0016,0.1733,-3.6601,1.4455,0.9049,-0.0223,0.0037,2.6357,-1.1256,7.0007,0.3979,-0.0099,0.0016,,,6.9815,28.5297,16.7,moving
2026-09-21T09:25:35.257+09:00,TRIAL_01_TEST_P01,TEST_P01,PULL_TEST,,668.9899291992188,60.34069061279297,486.89996337890625,178.5889434814453,-89.75645446777344,-179.94911193847656,1.686,-3.7426,-0.5073,0.9023,-0.0222,0.0038,7.312,-1.3437,-2.9445,0.3952,-0.0098,0.0017,0.5115,-3.7004,1.7754,0.9023,-0.0222,0.0038,2.974,-1.1658,7.3306,0.3952,-0.0098,0.0017,,,7.312,29.1073,16.7,moving
2026-09-21T09:25:35.314+09:00,TRIAL_01_TEST_P01,TEST_P01,PULL_TEST,,668.4436645507812,60.33238220214844,486.8194274902344,178.588134765625,-89.76306915283203,-179.9540252685547,1.686,-3.7426,-0.5073,0.9023,-0.0222,0.0038,7.312,-1.3437,-2.9445,0.3952,-0.0098,0.0017,0.5115,-3.7004,1.7754,0.9023,-0.0222,0.0038,2.974,-1.1658,7.3306,0.3952,-0.0098,0.0017,,,7.312,29.6536,16.7,moving
2026-09-21T09:25:35.369+09:00,TRIAL_01_TEST_P01,TEST_P01,PULL_TEST,,667.8717651367188,60.31922149658203,486.7521667480469,178.58737182617188,-89.7685546875,-179.9515838623047,2.0802,-3.7572,-0.4256,0.8998,-0.0222,0.0037,7.7063,-1.3583,-2.8629,0.3927,-0.0097,0.0016,0.4314,-3.7051,2.1704,0.8998,-0.0222,0.0037,2.8938,-1.1706,7.7256,0.3927,-0.0097,0.0016,,,7.7063,30.2255,16.7,moving
2026-09-21T09:25:35.426+09:00,TRIAL_01_TEST_P01,TEST_P01,PULL_TEST,,667.3082885742188,60.334503173828125,486.7611999511719,178.58880615234375,-89.76809692382812,-179.95242309570312,2.0802,-3.7572,-0.4256,0.8998,-0.0222,0.0037,7.7063,-1.3583,-2.8629,0.3927,-0.0097,0.0016,0.4314,-3.7051,2.1704,0.8998,-0.0222,0.0037,2.8938,-1.1706,7.7256,0.3927,-0.0097,0.0016,,,7.7063,30.7889,16.7,moving
2026-09-21T09:25:35.481+09:00,TRIAL_01_TEST_P01,TEST_P01,PULL_TEST,,666.78369140625,60.37433624267578,486.851806640625,178.59176635742188,-89.7605209350586,-179.9482879638672,1.7282,-3.8027,-0.6295,0.9003,-0.0222,0.0037,7.3543,-1.4038,-3.0668,0.3933,-0.0097,0.0016,0.6338,-3.7596,1.8186,0.9003,-0.0222,0.0037,3.0963,-1.225,7.3738,0.3933,-0.0097,0.0016,,,7.3543,31.3135,16.7,moving
2026-09-21T09:25:35.537+09:00,TRIAL_01_TEST_P01,TEST_P01,PULL_TEST,,666.2083129882812,60.37150192260742,486.85662841796875,178.5915069580078,-89.76004791259766,-179.94329833984375,1.7282,-3.8027,-0.6295,0.9003,-0.0222,0.0037,7.3543,-1.4038,-3.0668,0.3933,-0.0097,0.0016,0.6338,-3.7596,1.8186,0.9003,-0.0222,0.0037,3.0963,-1.225,7.3738,0.3933,-0.0097,0.0016,,,7.3543,31.8889,16.7,moving
2026-09-21T09:25:35.593+09:00,TRIAL_01_TEST_P01,TEST_P01,PULL_TEST,,665.6415405273438,60.346412658691406,486.80517578125,178.58944702148438,-89.76393127441406,-179.95167541503906,2.6336,-3.8774,-1.2735,0.8928,-0.022,0.0037,8.2597,-1.4785,-3.7108,0.3857,-0.0095,0.0016,1.2813,-3.8126,2.7228,0.8928,-0.022,0.0037,3.7438,-1.2781,8.278,0.3857,-0.0095,0.0016,,,8.2597,32.4557,16.7,moving
2026-09-21T09:25:35.649+09:00,TRIAL_01_TEST_P01,TEST_P01,PULL_TEST,,665.1183471679688,60.331756591796875,486.7847900390625,178.58773803710938,-89.76547241210938,-179.95330810546875,2.6336,-3.8774,-1.2735,0.8928,-0.022,0.0037,8.2597,-1.4785,-3.7108,0.3857,-0.0095,0.0016,1.2813,-3.8126,2.7228,0.8928,-0.022,0.0037,3.7438,-1.2781,8.278,0.3857,-0.0095,0.0016,,,8.2597,32.9789,16.7,moving
2026-09-21T09:25:35.705+09:00,TRIAL_01_TEST_P01,TEST_P01,PULL_TEST,,664.5399780273438,60.3328857421875,486.8048400878906,178.5878143310547,-89.76374816894531,-179.95631408691406,2.7706,-3.8303,-1.503,0.8894,-0.0219,0.0037,8.3966,-1.4315,-3.9403,0.3823,-0.0094,0.0016,1.5116,-3.7621,2.858,0.8894,-0.0219,0.0037,3.9741,-1.2275,8.4131,0.3823,-0.0094,0.0016,,,8.3966,33.5573,16.7,moving
2026-09-21T09:25:35.761+09:00,TRIAL_01_TEST_P01,TEST_P01,PULL_TEST,,663.965087890625,60.350189208984375,486.7691650390625,178.58961486816406,-89.7664566040039,-179.9506072998047,2.964,-3.8097,-1.9065,0.8834,-0.0218,0.0036,8.5901,-1.4109,-4.3438,0.3763,-0.0093,0.0015,1.9158,-3.7373,3.0491,0.8834,-0.0218,0.0036,4.3782,-1.2027,8.6042,0.3763,-0.0093,0.0015,,,8.5901,34.1321,16.7,moving
2026-09-21T09:25:35.816+09:00,TRIAL_01_TEST_P01,TEST_P01,PULL_TEST,,663.4090576171875,60.33848571777344,486.704833984375,178.58851623535156,-89.77201080322266,-179.94943237304688,2.964,-3.8097,-1.9065,0.8834,-0.0218,0.0036,8.5901,-1.4109,-4.3438,0.3763,-0.0093,0.0015,1.9158,-3.7373,3.0491,0.8834,-0.0218,0.0036,4.3782,-1.2027,8.6042,0.3763,-0.0093,0.0015,,,8.5901,34.6882,16.7,moving
2026-09-21T09:25:35.871+09:00,TRIAL_01_TEST_P01,TEST_P01,PULL_TEST,,662.8719482421875,60.311370849609375,486.7120666503906,178.5863494873047,-89.77117919921875,-179.953125,3.1894,-3.8038,-2.3218,0.8802,-0.0217,0.0035,8.8155,-1.405,-4.7591,0.3732,-0.0092,0.0014,2.3318,-3.7259,3.273,0.8802,-0.0217,0.0035,4.7943,-1.1914,8.8281,0.3732,-0.0092,0.0014,,,8.8155,35.2253,16.7,moving
2026-09-21T09:25:35.928+09:00,TRIAL_01_TEST_P01,TEST_P01,PULL_TEST,,662.30029296875,60.28348922729492,486.8179016113281,178.58407592773438,-89.76255798339844,-179.9481964111328,3.1894,-3.8038,-2.3218,0.8802,-0.0217,0.0035,8.8155,-1.405,-4.7591,0.3732,-0.0092,0.0014,2.3318,-3.7259,3.273,0.8802,-0.0217,0.0035,4.7943,-1.1914,8.8281,0.3732,-0.0092,0.0014,,,8.8155,35.7969,16.7,moving
2026-09-21T09:25:35.984+09:00,TRIAL_01_TEST_P01,TEST_P01,PULL_TEST,,661.7391967773438,60.291690826416016,486.81939697265625,178.58502197265625,-89.76229858398438,-179.9542236328125,3.3718,-3.794,-2.652,0.8795,-0.0217,0.0036,8.9978,-1.3952,-5.0893,0.3724,-0.0092,0.0015,2.6634,-3.7119,3.4532,0.8795,-0.0217,0.0036,5.1259,-1.1774,9.0084,0.3724,-0.0092,0.0015,,,8.9978,36.358,16.7,moving
2026-09-21T09:25:36.040+09:00,TRIAL_01_TEST_P01,TEST_P01,PULL_TEST,,661.1687622070312,60.32378005981445,486.8069152832031,178.5880126953125,-89.7635498046875,-179.94821166992188,3.3718,-3.794,-2.652,0.8795,-0.0217,0.0036,8.9978,-1.3952,-5.0893,0.3724,-0.0092,0.0015,2.6634,-3.7119,3.4532,0.8795,-0.0217,0.0036,5.1259,-1.1774,9.0084,0.3724,-0.0092,0.0015,,,8.9978,36.9285,16.7,moving
2026-09-21T09:25:36.096+09:00,TRIAL_01_TEST_P01,TEST_P01,PULL_TEST,,660.5950317382812,60.323055267333984,486.8534851074219,178.5882568359375,-89.75981140136719,-179.95062255859375,3.7879,-3.8353,-2.9152,0.8732,-0.0215,0.0036,9.4139,-1.4364,-5.3524,0.3661,-0.009,0.0015,2.9277,-3.7434,3.8692,0.8732,-0.0215,0.0036,5.3901,-1.2089,9.4244,0.3661,-0.009,0.0015,,,9.4139,37.5022,16.7,moving
2026-09-21T09:25:36.154+09:00,TRIAL_01_TEST_P01,TEST_P01,PULL_TEST,,660.0267333984375,60.30984878540039,486.84808349609375,178.58712768554688,-89.760009765625,-179.9486541748047,3.7879,-3.8353,-2.9152,0.8732,-0.0215,0.0036,9.4139,-1.4364,-5.3524,0.3661,-0.009,0.0015,2.9277,-3.7434,3.8692,0.8732,-0.0215,0.0036,5.3901,-1.2089,9.4244,0.3661,-0.009,0.0015,,,9.4139,38.0705,16.7,moving
2026-09-21T09:25:36.210+09:00,TRIAL_01_TEST_P01,TEST_P01,PULL_TEST,,659.4827270507812,60.30554962158203,486.7882995605469,178.58628845214844,-89.76500701904297,-179.9485626220703,4.0247,-3.87,-3.2492,0.8686,-0.0214,0.0036,9.6507,-1.4711,-5.6865,0.3615,-0.0089,0.0015,3.263,-3.7725,4.1052,0.8686,-0.0214,0.0036,5.7254,-1.238,9.6604,0.3615,-0.0089,0.0015,,,9.6507,38.6145,16.7,moving
2026-09-21T09:25:36.268+09:00,TRIAL_01_TEST_P01,TEST_P01,PULL_TEST,,658.8861694335938,60.336334228515625,486.7913818359375,178.58937072753906,-89.76448822021484,-179.94728088378906,4.4194,-3.9646,-3.271,0.8648,-0.0213,0.0036,10.0455,-1.5658,-5.7083,0.3578,-0.0088,0.0015,3.2861,-3.8575,4.5022,0.8648,-0.0213,0.0036,5.7486,-1.323,10.0573,0.3578,-0.0088,0.0015,,,10.0455,39.2111,16.7,moving
